"";"credibility1";"credibility2";"credibility3";"credibility4";"credibility5";"quality_control";"standard_procedure";"Attention.check";"gender";"age";"knowledge_peerreview";"knowledge_preprints";"condition";"credibility"
"9";7;4;2;5;3;5;5;1;"2";30;"2";"2";"preprint_noinfo";4,2
"10";5;6;5;6;6;5;6;1;"1";25;"2";"2";"peer-review";5,6
"11";6;6;7;6;5;6;5;1;"1";47;"1";"1";"preprint_noinfo";6
"12";2;7;7;6;5;7;4;1;"1";60;"1";"1";"preprint_noinfo";5,4
"13";6;7;6;5;6;6;7;1;"1";26;"1";"2";"preprint_info";6
"14";6;5;3;5;5;5;6;1;"1";42;"1";"1";"preprint_info";4,8
"15";6;5;6;6;6;6;5;1;"2";40;"2";"2";"preprint_noinfo";5,8
"16";7;7;6;7;7;7;6;1;"1";28;"1";"1";"peer-review";6,8
"17";7;7;7;7;7;7;7;1;"1";38;"1";"2";"peer-review";7
"18";4;5;5;5;4;5;4;1;"1";25;"2";"2";"preprint_noinfo";4,6
"19";5;5;5;6;6;5;6;1;"1";26;"1";"1";"preprint_noinfo";5,4
"20";6;6;7;6;6;6;7;1;"1";33;"2";"2";"preprint_info";6,2
"21";5;6;6;6;5;6;5;1;"1";44;"2";"2";"preprint_noinfo";5,6
"22";6;6;7;6;7;7;7;1;"1";35;"1";"1";"preprint_noinfo";6,4
"24";7;7;7;7;7;7;7;1;"1";50;"1";"1";"peer-review";7
"25";6;4;1;7;3;4;5;1;"1";34;"1";"2";"peer-review";4,2
"26";3;5;1;5;5;4;4;1;"2";26;"1";"2";"preprint_noinfo";3,8
"27";5;5;4;6;4;5;6;1;"1";29;"2";"2";"preprint_noinfo";4,8
"28";5;5;2;6;5;6;5;1;"1";27;"1";"2";"peer-review";4,6
"29";5;5;5;6;6;7;6;1;"1";25;"2";"2";"preprint_noinfo";5,4
"30";7;7;6;7;6;6;7;1;"2";30;"1";"1";"preprint_noinfo";6,6
"31";6;7;7;6;6;7;6;1;"1";26;"1";"1";"preprint_info";6,4
"32";5;4;5;5;5;5;4;1;"1";45;"2";"2";"peer-review";4,8
"33";3;4;3;3;2;5;4;1;"1";36;"1";"2";"preprint_noinfo";3
"34";6;6;7;4;5;5;7;1;"2";37;"2";"2";"preprint_noinfo";5,6
"35";6;6;6;5;6;7;6;1;"1";49;"1";"1";"peer-review";5,8
"36";1;1;1;7;1;4;4;1;"1";58;"2";"2";"preprint_info";2,2
"37";5;6;5;5;5;5;4;1;"1";25;"1";"1";"peer-review";5,2
"38";6;5;6;5;3;5;3;1;"1";44;"1";"1";"preprint_info";5
"40";3;4;4;3;4;5;6;1;"1";37;"2";"2";"peer-review";3,6
"41";6;5;4;5;5;4;3;1;"2";29;"1";"1";"peer-review";5
"42";6;7;1;5;6;5;6;1;"2";35;"2";"2";"peer-review";5
"44";5;5;5;6;4;4;5;1;"1";30;"1";"1";"peer-review";5
"45";6;7;7;6;7;7;6;1;"1";40;"2";"1";"preprint_noinfo";6,6
"46";4;7;1;7;1;3;4;1;"1";35;"2";"2";"preprint_noinfo";4
"47";6;2;2;4;5;3;3;1;"2";44;"1";"2";"peer-review";3,8
"48";5;4;2;2;3;2;2;1;"1";35;"1";"1";"peer-review";3,2
"49";2;4;2;4;1;2;1;1;"1";30;"1";"2";"preprint_info";2,6
"50";1;7;4;1;7;3;7;1;"2";31;"1";"2";"preprint_noinfo";4
"51";3;2;2;4;2;2;1;1;"2";32;"1";"2";"preprint_info";2,6
"52";6;6;6;6;5;6;5;1;"1";30;"1";"1";"preprint_info";5,8
"53";7;6;7;6;7;7;5;1;"1";25;"1";"1";"peer-review";6,6
"54";6;6;7;5;5;6;5;1;"1";30;"1";"1";"preprint_info";5,8
"55";3;4;4;5;5;6;5;1;"1";25;"2";"2";"peer-review";4,2
"56";6;1;2;3;1;4;4;1;"1";35;"1";"2";"preprint_info";2,6
"57";6;6;6;6;5;6;5;1;"2";33;"1";"1";"preprint_noinfo";5,8
"58";6;6;6;6;6;5;5;1;"1";33;"1";"1";"peer-review";6
"59";6;5;6;5;6;5;6;1;"1";40;"2";"2";"preprint_noinfo";5,6
"60";6;6;6;7;6;6;7;1;"1";66;"1";"1";"peer-review";6,2
"61";4;5;4;2;5;4;4;1;"1";42;"1";"2";"peer-review";4
"63";4;4;2;4;4;3;5;1;"2";27;"1";"2";"preprint_info";3,6
"64";1;2;1;6;4;2;1;1;"2";37;"1";"2";"preprint_info";2,8
"65";7;6;6;7;6;7;6;1;"1";29;"1";"1";"preprint_info";6,4
"67";5;6;6;6;4;6;5;1;"1";29;"2";"2";"preprint_info";5,4
"68";4;4;2;4;4;4;4;1;"2";27;"1";"2";"preprint_info";3,6
"69";3;4;1;2;3;2;3;1;"2";20;"1";"1";"preprint_noinfo";2,6
"71";6;3;3;3;3;2;3;1;"2";29;"1";"2";"preprint_info";3,6
"72";6;6;4;5;6;6;5;1;"1";40;"2";"2";"preprint_noinfo";5,4
"73";5;3;4;6;5;5;5;1;"1";69;"1";"1";"peer-review";4,6
"74";6;6;6;5;6;6;6;1;"1";40;"1";"1";"peer-review";5,8
"75";6;5;4;4;5;4;6;1;"1";54;"1";"1";"preprint_noinfo";4,8
"76";6;3;1;6;3;2;4;1;"2";36;"1";"1";"peer-review";3,8
"77";2;5;1;3;1;2;1;1;"1";43;"1";"2";"preprint_info";2,4
"78";6;5;4;5;5;5;5;1;"2";38;"2";"2";"preprint_noinfo";5
"79";2;6;4;4;5;5;6;1;"2";37;"1";"1";"preprint_noinfo";4,2
"80";5;5;5;4;4;4;5;1;"1";45;"2";"2";"preprint_noinfo";4,6
"81";4;3;2;3;6;5;5;1;"1";27;"2";"2";"peer-review";3,6
"82";6;6;6;7;6;6;5;1;"1";30;"2";"2";"preprint_info";6,2
"83";6;7;6;6;6;5;7;1;"1";39;"1";"1";"preprint_info";6,2
"84";3;3;2;4;7;4;3;1;"2";27;"1";"2";"preprint_info";3,8
"85";5;5;5;5;4;5;5;1;"1";38;"2";"2";"peer-review";4,8
"86";4;7;1;7;4;4;5;1;"1";49;"1";"2";"preprint_noinfo";4,6
"87";6;7;7;7;6;7;6;1;"1";32;"1";"1";"preprint_info";6,6
"88";6;6;5;5;6;6;5;1;"1";44;"2";"2";"preprint_info";5,6
"89";6;2;1;7;6;1;1;1;"1";43;"1";"2";"preprint_noinfo";4,4
"90";3;4;4;4;5;4;3;1;"1";40;"2";"1";"peer-review";4
"91";5;7;7;6;5;3;6;1;"2";27;"1";"2";"preprint_info";6
"92";3;4;2;6;5;7;7;1;"1";33;"1";"2";"preprint_info";4
"93";4;4;3;3;4;4;3;1;"2";70;"1";"1";"preprint_noinfo";3,6
"94";6;4;6;5;6;5;6;1;"1";30;"2";"2";"preprint_noinfo";5,4
"96";5;5;6;6;5;5;4;1;"2";24;"2";"2";"preprint_info";5,4
"97";7;4;7;7;7;7;7;1;"2";35;"2";"2";"peer-review";6,4
"98";4;6;5;5;2;5;6;1;"1";34;"1";"2";"preprint_noinfo";4,4
"99";5;6;7;6;7;6;6;1;"1";33;"2";"2";"preprint_noinfo";6,2
"100";6;7;6;5;6;4;7;1;"1";32;"1";"1";"preprint_info";6
"101";6;5;7;6;6;6;6;1;"1";33;"2";"2";"preprint_noinfo";6
"102";7;7;6;7;6;7;7;1;"1";28;"2";"2";"preprint_noinfo";6,6
"103";5;6;6;5;5;6;5;1;"1";28;"2";"2";"peer-review";5,4
"104";4;7;1;3;5;3;7;1;"2";33;"1";"2";"peer-review";4
"105";5;6;6;5;5;5;5;1;"2";35;"2";"2";"preprint_noinfo";5,4
"107";5;2;3;6;5;5;6;1;"1";43;"2";"2";"preprint_noinfo";4,2
"108";6;5;6;4;5;4;5;1;"2";29;"2";"2";"preprint_info";5,2
"109";5;6;3;5;6;2;6;1;"1";25;"2";"2";"preprint_info";5
"110";6;5;5;5;4;4;6;1;"1";26;"2";"2";"peer-review";5
"111";5;5;5;5;5;5;5;1;"1";30;"1";"1";"preprint_noinfo";5
"112";5;5;5;6;6;6;6;1;"2";40;"1";"1";"preprint_noinfo";5,4
"113";6;6;7;5;4;5;6;1;"1";35;"2";"2";"preprint_noinfo";5,6
"114";4;4;3;4;3;3;4;1;"1";30;"1";"1";"preprint_info";3,6
"115";1;1;1;1;1;1;4;1;"1";48;"1";"2";"peer-review";1
"116";6;7;6;5;6;7;6;1;"2";34;"2";"2";"preprint_info";6
"117";3;3;1;2;2;1;3;1;"2";30;"1";"2";"peer-review";2,2
"118";6;7;6;6;6;7;6;1;"1";54;"2";"2";"peer-review";6,2
"119";4;6;5;6;6;5;6;1;"1";25;"2";"2";"preprint_noinfo";5,4
"120";1;7;1;7;7;5;4;1;"1";58;"1";"2";"peer-review";4,6
"121";6;5;3;7;3;6;6;1;"2";47;"1";"2";"preprint_noinfo";4,8
"122";6;6;6;6;5;5;7;1;"1";62;"1";"1";"preprint_noinfo";5,8
"123";5;5;6;6;6;5;6;1;"2";25;"2";"2";"preprint_noinfo";5,6
"124";6;6;4;5;4;6;4;1;"1";41;"2";"2";"preprint_noinfo";5
"125";7;7;6;7;7;6;7;1;"1";49;"1";"2";"peer-review";6,8
"126";5;5;5;5;4;5;6;1;"1";31;"2";"2";"preprint_info";4,8
"127";4;5;4;4;7;4;5;1;"1";38;"1";"1";"preprint_noinfo";4,8
"128";6;5;5;6;5;5;5;1;"1";27;"1";"2";"peer-review";5,4
"129";5;7;2;6;5;4;5;1;"1";43;"1";"2";"preprint_noinfo";5
"130";4;5;2;5;2;3;4;1;"1";56;"1";"2";"peer-review";3,6
"131";6;6;6;6;5;6;6;1;"1";24;"1";"1";"preprint_info";5,8
"132";7;7;6;7;1;7;7;1;"1";35;"2";"2";"preprint_info";5,6
"133";6;5;3;5;5;4;6;1;"2";30;"2";"2";"preprint_info";4,8
"135";4;6;4;5;5;5;6;1;"1";30;"1";"1";"peer-review";4,8
"136";6;6;5;5;6;5;4;1;"1";47;"1";"1";"preprint_info";5,6
"137";6;7;4;7;6;6;6;1;"1";35;"1";"2";"peer-review";6
"138";5;7;6;6;7;6;7;1;"1";32;"1";"1";"preprint_info";6,2
"139";5;6;6;5;5;7;6;1;"1";26;"1";"1";"preprint_info";5,4
"140";5;5;5;7;6;6;6;1;"1";61;"1";"2";"preprint_info";5,6
"141";5;4;2;3;3;2;1;1;"1";45;"1";"2";"preprint_info";3,4
"142";4;4;4;4;3;4;4;1;"1";47;"2";"2";"peer-review";3,8
"143";5;6;1;4;2;3;3;1;"1";26;"1";"2";"preprint_info";3,6
"144";5;6;2;6;6;5;6;1;"2";28;"2";"2";"peer-review";5
"145";6;6;7;7;6;7;6;1;"1";32;"1";"1";"preprint_noinfo";6,4
"146";3;3;2;2;2;1;1;1;"2";31;"1";"1";"preprint_noinfo";2,4
"147";5;4;6;5;2;2;5;1;"1";32;"2";"2";"peer-review";4,4
"148";4;4;6;6;3;6;7;1;"1";40;"2";"2";"preprint_noinfo";4,6
"149";4;5;5;4;5;4;5;1;"1";28;"2";"2";"preprint_info";4,6
"150";6;5;6;7;6;5;5;1;"2";64;"2";"2";"preprint_noinfo";6
"151";4;3;1;6;2;6;5;1;"2";62;"1";"2";"preprint_info";3,2
"152";2;2;2;2;2;1;1;1;"1";47;"1";"1";"preprint_info";2
"153";7;7;7;7;7;7;6;1;"1";30;"1";"1";"peer-review";7
"154";4;6;4;2;4;5;5;1;"1";29;"1";"2";"preprint_info";4
"155";5;6;1;7;2;5;4;1;"1";47;"1";"2";"peer-review";4,2
"156";5;3;2;5;4;6;5;1;"1";40;"1";"1";"preprint_info";3,8
"157";7;7;7;6;6;6;7;1;"2";44;"1";"1";"peer-review";6,6
"158";4;2;1;3;2;3;1;1;"1";55;"1";"1";"preprint_info";2,4
"159";3;6;2;3;5;3;5;1;"2";33;"1";"2";"peer-review";3,8
"160";4;4;1;1;1;1;3;1;"2";44;"1";"2";"preprint_noinfo";2,2
"161";6;4;3;6;5;3;4;1;"1";40;"2";"2";"preprint_noinfo";4,8
"162";5;5;5;5;6;5;4;1;"2";40;"1";"1";"peer-review";5,2
"163";5;7;5;5;4;4;5;1;"2";37;"1";"2";"peer-review";5,2
"164";4;3;5;5;3;5;4;1;"2";31;"2";"2";"peer-review";4
"165";5;5;4;6;4;4;5;1;"1";37;"2";"2";"preprint_noinfo";4,8
"166";4;1;1;5;5;2;3;1;"1";32;"2";"2";"preprint_noinfo";3,2
"167";4;6;5;6;5;3;3;1;"2";26;"1";"2";"preprint_info";5,2
"168";6;7;5;7;6;7;6;1;"2";56;"2";"2";"peer-review";6,2
"169";3;2;1;4;4;1;3;1;"2";49;"1";"2";"preprint_noinfo";2,8
"170";5;5;2;6;2;3;5;1;"1";57;"1";"2";"preprint_info";4
"171";6;5;7;6;7;6;7;1;"1";32;"1";"1";"preprint_noinfo";6,2
"172";6;4;3;6;4;5;5;1;"1";49;"1";"1";"peer-review";4,6
"173";5;3;1;6;2;5;6;1;"1";31;"1";"2";"peer-review";3,4
"174";5;5;2;6;3;5;5;1;"2";41;"1";"2";"preprint_info";4,2
"175";6;5;6;6;4;6;5;1;"2";43;"2";"2";"preprint_noinfo";5,4
"176";4;4;1;5;1;1;1;1;"1";30;"1";"1";"peer-review";3
"177";4;3;6;7;3;5;6;1;"1";25;"1";"1";"preprint_info";4,6
"178";5;4;2;2;3;2;2;1;"1";50;"1";"2";"preprint_noinfo";3,2
"179";1;1;7;7;1;2;5;1;"1";30;"1";"2";"peer-review";3,4
"180";7;5;6;6;4;7;6;1;"2";28;"2";"2";"peer-review";5,6
"182";4;5;5;4;5;4;5;1;"1";42;"1";"2";"peer-review";4,6
"183";5;4;5;5;4;4;5;1;"1";31;"2";"2";"preprint_info";4,6
"184";6;7;2;7;6;4;6;1;"1";56;"1";"2";"preprint_noinfo";5,6
"185";4;7;1;6;3;6;6;1;"1";38;"2";"2";"preprint_info";4,2
"186";6;6;2;6;6;2;2;1;"1";56;"2";"2";"preprint_noinfo";5,2
"187";3;3;4;5;6;5;4;1;"1";20;"1";"2";"preprint_info";4,2
"189";5;6;2;3;6;7;6;1;"1";24;"1";"2";"peer-review";4,4
"190";5;7;6;7;5;6;5;1;"1";30;"1";"1";"preprint_noinfo";6
"191";5;6;5;6;5;6;6;1;"2";41;"2";"1";"preprint_info";5,4
"192";7;7;7;5;5;7;7;1;"1";18;"1";"1";"peer-review";6,2
"193";3;5;1;4;3;4;3;1;"1";37;"1";"2";"preprint_info";3,2
"194";5;6;5;6;6;5;5;1;"2";29;"2";"2";"peer-review";5,6
"195";5;4;2;5;3;1;1;1;"1";47;"1";"2";"peer-review";3,8
"196";4;4;5;4;5;3;4;1;"1";32;"2";"2";"preprint_info";4,4
"197";3;5;2;6;3;2;5;1;"1";20;"1";"2";"peer-review";3,8
"198";6;4;5;4;5;4;6;1;"1";32;"2";"2";"preprint_info";4,8
"199";7;6;6;5;4;6;6;1;"1";29;"2";"2";"preprint_info";5,6
"200";6;7;7;7;6;7;6;1;"1";29;"1";"1";"preprint_noinfo";6,6
"201";5;4;5;4;5;5;4;1;"2";61;"1";"1";"preprint_noinfo";4,6
"202";6;5;6;5;5;6;5;1;"1";32;"2";"2";"preprint_info";5,4
"203";5;5;2;6;2;2;3;1;"2";40;"2";"2";"preprint_noinfo";4
"204";4;7;2;7;5;5;5;1;"2";36;"2";"2";"preprint_noinfo";5
"205";6;7;7;7;6;6;7;1;"1";30;"1";"1";"peer-review";6,6
"206";3;5;3;5;3;3;3;1;"2";27;"2";"2";"preprint_noinfo";3,8
"207";6;6;7;6;6;6;6;1;"2";37;"2";"2";"peer-review";6,2
"208";5;3;4;2;3;3;4;1;"2";26;"2";"2";"preprint_noinfo";3,4
"209";6;6;5;6;6;5;6;1;"1";36;"1";"1";"preprint_noinfo";5,8
"210";5;3;5;4;5;6;5;1;"2";25;"2";"2";"preprint_noinfo";4,4
"211";4;3;3;6;5;4;5;1;"1";18;"1";"2";"preprint_noinfo";4,2
"213";7;6;6;6;5;6;7;1;"1";30;"1";"1";"preprint_noinfo";6
"214";3;7;2;6;6;6;5;1;"2";26;"1";"2";"preprint_noinfo";4,8
"215";7;7;2;4;6;4;6;1;"1";38;"2";"2";"peer-review";5,2
"216";7;6;6;6;6;7;7;1;"1";50;"1";"1";"preprint_noinfo";6,2
"217";5;5;5;5;3;5;6;1;"1";30;"2";"2";"peer-review";4,6
"219";4;5;2;4;3;3;3;1;"2";32;"2";"2";"peer-review";3,6
"220";6;7;2;4;6;6;6;1;"1";66;"1";"2";"preprint_noinfo";5
"221";6;3;1;5;5;1;1;1;"1";54;"1";"2";"preprint_noinfo";4
"222";6;6;6;6;5;6;6;1;"1";25;"1";"1";"peer-review";5,8
"223";3;5;4;6;6;5;4;1;"2";25;"2";"2";"preprint_noinfo";4,8
"224";6;6;3;6;4;5;5;1;"1";39;"1";"2";"peer-review";5
"225";4;4;2;4;2;5;5;1;"1";40;"2";"2";"preprint_noinfo";3,2
"226";3;3;1;6;1;1;1;1;"1";70;"1";"2";"preprint_noinfo";2,8
"227";6;6;6;4;7;6;6;1;"2";35;"2";"2";"preprint_info";5,8
"229";6;5;5;5;5;5;5;1;"2";37;"2";"2";"peer-review";5,2
"230";6;6;3;4;5;4;4;1;"1";42;"1";"1";"preprint_noinfo";4,8
"232";4;4;1;5;2;2;2;1;"1";60;"1";"2";"preprint_info";3,2
"233";7;6;1;5;3;4;5;1;"1";30;"1";"2";"preprint_noinfo";4,4
"234";5;5;5;5;5;5;5;1;"2";47;"2";"2";"preprint_noinfo";5
"235";5;6;5;5;4;2;3;1;"1";37;"1";"1";"preprint_info";5
"236";7;7;7;6;7;7;7;1;"1";25;"1";"1";"preprint_info";6,8
"238";6;6;5;6;6;6;7;1;"1";30;"1";"1";"preprint_info";5,8
"239";7;5;7;7;4;7;7;1;"2";37;"2";"2";"preprint_info";6
"240";4;5;2;5;3;6;5;1;"1";21;"1";"2";"preprint_noinfo";3,8
"241";5;4;6;6;5;6;5;1;"2";64;"2";"2";"preprint_info";5,2
"242";6;4;1;5;3;4;5;1;"1";27;"1";"2";"preprint_noinfo";3,8
"243";6;2;1;3;1;6;1;1;"1";35;"2";"2";"preprint_info";2,6
"244";6;1;2;7;1;2;2;1;"2";29;"1";"2";"preprint_noinfo";3,4
"245";5;6;6;5;6;5;6;1;"1";57;"2";"2";"preprint_info";5,6
"246";7;3;1;4;4;2;3;1;"1";48;"1";"2";"preprint_noinfo";3,8
"247";3;3;2;2;3;3;5;1;"2";37;"1";"2";"preprint_info";2,6
"248";5;5;4;6;4;5;4;1;"1";30;"1";"2";"preprint_info";4,8
"249";5;3;3;6;6;5;5;1;"1";42;"1";"2";"peer-review";4,6
"250";4;5;2;2;3;3;6;1;"1";31;"1";"1";"peer-review";3,2
"251";6;5;5;5;5;5;6;1;"1";25;"1";"1";"preprint_info";5,2
"252";7;7;7;7;7;7;7;1;"2";40;"1";"1";"preprint_noinfo";7
"253";7;7;2;7;7;7;7;1;"2";57;"1";"1";"peer-review";6
"254";6;5;6;5;6;7;6;1;"2";32;"1";"1";"preprint_info";5,6
"255";5;4;5;6;6;6;6;1;"1";41;"2";"2";"preprint_noinfo";5,2
"256";4;5;4;5;2;4;3;1;"1";29;"1";"2";"peer-review";4
"257";6;5;1;2;2;3;3;1;"1";33;"1";"2";"preprint_noinfo";3,2
"258";5;5;6;6;5;7;4;1;"2";30;"1";"1";"preprint_info";5,4
"259";6;5;5;6;5;5;6;1;"1";30;"2";"2";"preprint_noinfo";5,4
"260";4;5;3;5;3;4;5;1;"2";50;"2";"2";"preprint_noinfo";4
"261";3;6;4;5;3;2;4;1;"2";28;"2";"2";"peer-review";4,2
"262";4;4;2;3;2;3;3;1;"1";23;"2";"2";"preprint_info";3
"263";5;2;2;3;4;2;4;1;"1";65;"1";"2";"preprint_info";3,2
"264";5;7;4;5;7;5;4;1;"1";45;"2";"2";"peer-review";5,6
"265";4;5;4;4;5;5;5;1;"2";32;"2";"2";"preprint_info";4,4
"266";6;6;6;6;6;6;6;1;"1";25;"1";"1";"peer-review";6
"267";6;7;6;6;4;5;4;1;"1";28;"2";"2";"preprint_info";5,8
"268";6;5;5;6;6;6;5;1;"1";30;"2";"2";"preprint_noinfo";5,6
"269";6;5;2;5;2;5;5;1;"2";56;"1";"2";"peer-review";4
"270";4;5;1;6;1;3;3;1;"2";34;"2";"2";"preprint_info";3,4
"271";5;3;4;4;2;4;5;1;"2";30;"2";"2";"peer-review";3,6
"272";5;7;5;6;7;5;6;1;"2";36;"1";"1";"preprint_noinfo";6
"273";6;5;5;5;4;6;5;1;"1";30;"1";"1";"preprint_noinfo";5
"274";6;6;4;4;5;4;5;1;"2";55;"1";"2";"preprint_info";5
"275";6;7;2;1;1;6;6;1;"1";39;"2";"2";"peer-review";3,4
"276";7;6;6;6;6;6;6;1;"1";30;"2";"2";"preprint_info";6,2
"277";6;6;2;7;4;5;5;1;"1";36;"1";"2";"peer-review";5
"279";6;5;5;6;6;6;5;1;"1";29;"1";"1";"peer-review";5,6
"280";5;5;3;5;4;4;4;1;"1";30;"1";"2";"preprint_noinfo";4,4
"281";6;2;7;5;1;6;5;1;"1";28;"2";"2";"preprint_info";4,2
"282";7;6;6;7;6;5;6;1;"1";52;"2";"2";"preprint_info";6,4
"283";4;7;4;7;6;7;7;1;"1";28;"2";"2";"peer-review";5,6
"284";5;5;3;6;6;6;5;1;"1";26;"2";"2";"preprint_noinfo";5
"285";6;5;2;6;1;1;2;1;"2";45;"2";"2";"peer-review";4
"286";6;6;6;6;5;6;5;1;"1";30;"2";"2";"preprint_noinfo";5,8
"287";6;6;7;6;6;6;5;1;"2";47;"1";"1";"peer-review";6,2
"288";6;7;4;6;6;4;5;1;"2";70;"2";"2";"preprint_info";5,8
"289";6;6;4;5;7;6;5;1;"1";32;"2";"2";"preprint_info";5,6
"290";5;4;5;6;4;6;4;1;"1";32;"1";"1";"preprint_noinfo";4,8
"292";4;3;5;6;3;4;5;1;"2";26;"1";"2";"peer-review";4,2
"293";5;4;1;1;3;1;2;1;"1";25;"1";"2";"preprint_noinfo";2,8
"294";4;5;1;6;5;4;5;1;"1";32;"1";"2";"preprint_noinfo";4,2
"295";6;4;2;4;6;5;5;1;"1";45;"1";"2";"peer-review";4,4
"296";6;5;6;4;6;6;5;1;"2";24;"2";"2";"preprint_noinfo";5,4
"297";4;7;2;5;1;5;6;1;"1";36;"2";"2";"peer-review";3,8
"298";7;3;5;5;6;3;3;1;"2";26;"2";"2";"preprint_info";5,2
"299";4;5;3;3;2;3;5;1;"2";22;"1";"2";"preprint_noinfo";3,4
"300";4;4;5;4;5;4;5;1;"2";47;"1";"2";"preprint_noinfo";4,4
"301";2;4;1;3;2;2;3;1;"2";43;"1";"2";"preprint_info";2,4
"302";1;1;1;3;1;1;1;1;"2";39;"1";"2";"peer-review";1,4
"303";6;6;1;4;1;3;4;1;"1";36;"1";"2";"peer-review";3,6
"304";5;6;2;5;4;4;5;1;"1";30;"1";"1";"preprint_noinfo";4,4
"305";5;4;4;4;4;4;6;1;"1";25;"2";"2";"preprint_noinfo";4,2
"306";5;5;5;2;7;2;5;1;"1";27;"1";"2";"preprint_info";4,8
"307";4;4;5;5;3;7;6;1;"1";28;"2";"2";"preprint_info";4,2
"309";5;5;4;5;5;4;4;1;"1";43;"1";"1";"peer-review";4,8
"310";5;4;5;6;5;4;5;1;"1";25;"1";"2";"peer-review";5
"311";4;4;4;5;2;4;1;1;"1";34;"2";"2";"preprint_info";3,8
"312";6;5;2;6;3;1;2;1;"1";33;"1";"1";"preprint_info";4,4
"313";5;5;1;7;2;1;1;1;"1";45;"2";"2";"preprint_noinfo";4
"314";7;7;7;7;1;7;7;1;"1";25;"2";"2";"preprint_noinfo";5,8
"315";6;6;4;6;5;5;6;1;"1";64;"1";"2";"preprint_info";5,4
"316";4;5;2;3;6;6;4;1;"1";36;"2";"2";"preprint_info";4
"317";5;7;2;7;3;5;6;1;"1";31;"1";"2";"peer-review";4,8
"318";4;5;4;4;4;4;4;1;"1";42;"2";"2";"preprint_noinfo";4,2
"319";6;6;2;6;7;6;6;1;"1";31;"1";"2";"preprint_noinfo";5,4
"320";6;6;6;6;6;6;7;1;"1";30;"1";"1";"preprint_info";6
"321";5;4;4;4;4;3;4;1;"2";42;"2";"2";"preprint_info";4,2
"322";5;6;6;6;6;5;6;1;"1";35;"1";"1";"peer-review";5,8
"323";3;4;2;4;5;4;3;1;"2";49;"1";"2";"preprint_info";3,6
"324";6;5;5;6;4;6;6;1;"2";34;"2";"2";"preprint_info";5,2
"325";6;2;2;6;4;6;5;1;"2";46;"2";"2";"preprint_info";4
"327";4;4;1;3;1;2;3;1;"2";32;"1";"2";"peer-review";2,6
"328";6;6;6;5;6;5;6;1;"1";35;"1";"1";"preprint_info";5,8
"329";6;5;5;4;4;5;5;1;"2";27;"2";"2";"preprint_noinfo";4,8
"330";7;6;4;6;6;4;6;1;"2";62;"2";"2";"peer-review";5,8
"331";5;4;1;5;4;2;2;1;"2";50;"1";"2";"preprint_info";3,8
"332";1;1;1;1;1;1;3;1;"1";34;"1";"2";"peer-review";1
"333";5;4;6;6;4;4;6;1;"1";30;"1";"1";"preprint_noinfo";5
"334";7;5;2;4;6;4;5;1;"1";27;"1";"2";"preprint_info";4,8
"335";4;5;6;6;5;6;5;1;"2";47;"1";"1";"preprint_noinfo";5,2
"336";1;6;1;7;1;1;1;1;"2";42;"1";"2";"preprint_noinfo";3,2
"337";6;6;7;6;4;6;7;1;"1";26;"2";"2";"preprint_info";5,8
"338";7;5;4;5;5;4;5;1;"1";30;"1";"1";"preprint_info";5,2
"339";4;6;5;5;5;6;5;1;"2";30;"1";"2";"preprint_info";5
"340";7;7;7;7;1;6;7;1;"1";36;"1";"1";"preprint_noinfo";5,8
"341";3;3;3;3;3;3;3;1;"2";20;"1";"2";"preprint_noinfo";3
"342";6;5;1;6;1;3;5;1;"2";50;"1";"2";"peer-review";3,8
"343";5;5;3;3;2;3;4;1;"2";32;"1";"2";"preprint_info";3,6
"345";6;5;6;5;3;3;4;1;"1";32;"2";"2";"peer-review";5
"346";5;6;6;7;5;6;5;1;"1";55;"2";"1";"preprint_noinfo";5,8
"347";1;7;5;7;1;5;5;1;"2";30;"2";"2";"peer-review";4,2
"348";3;6;1;3;5;5;7;1;"1";22;"1";"1";"preprint_noinfo";3,6
"349";5;5;3;6;3;5;5;1;"1";30;"2";"2";"preprint_info";4,4
"350";6;6;6;5;7;6;5;1;"2";40;"1";"1";"peer-review";6
"351";6;6;5;5;3;5;7;1;"1";37;"1";"1";"peer-review";5
"352";7;7;3;7;3;6;6;1;"1";54;"1";"2";"preprint_noinfo";5,4
"353";4;5;4;5;4;4;5;1;"1";47;"1";"1";"preprint_info";4,4
"354";6;5;4;7;3;6;5;1;"2";25;"1";"1";"preprint_info";5
"355";5;5;6;6;4;4;5;1;"2";51;"1";"1";"preprint_info";5,2
"356";4;5;5;3;7;6;6;1;"1";38;"2";"2";"peer-review";4,8
"357";6;6;5;5;7;5;4;1;"2";46;"2";"2";"peer-review";5,8
"358";5;3;2;5;6;6;5;1;"1";47;"1";"1";"preprint_noinfo";4,2
"359";5;5;2;3;2;3;3;1;"2";41;"1";"1";"preprint_noinfo";3,4
"360";5;4;6;4;5;4;5;1;"1";32;"2";"2";"preprint_info";4,8
"361";5;6;6;5;6;7;6;1;"1";30;"1";"1";"preprint_noinfo";5,6
"362";5;5;2;4;3;5;6;1;"1";64;"1";"2";"peer-review";3,8
"363";4;6;2;3;6;5;4;1;"1";32;"1";"1";"preprint_info";4,2
"364";4;4;5;3;5;5;4;1;"2";32;"1";"1";"peer-review";4,2
"365";6;7;7;6;6;6;6;1;"1";32;"1";"1";"peer-review";6,4
"366";5;4;4;5;4;4;4;1;"2";27;"1";"2";"preprint_noinfo";4,4
"367";4;4;2;5;3;3;3;1;"1";33;"1";"2";"preprint_info";3,6
"368";7;7;5;5;5;5;5;1;"1";33;"2";"2";"peer-review";5,8
"369";7;7;7;7;7;7;7;1;"1";50;"1";"1";"peer-review";7
"370";4;5;5;3;5;5;6;1;"1";43;"2";"2";"peer-review";4,4
"371";4;5;5;4;6;5;6;1;"1";29;"2";"2";"preprint_info";4,8
"372";7;7;6;7;7;6;7;1;"1";27;"1";"2";"preprint_info";6,8
"373";4;5;3;5;3;4;5;1;"1";54;"1";"1";"preprint_noinfo";4
"374";5;6;2;4;2;4;5;1;"2";45;"2";"2";"peer-review";3,8
"376";4;7;1;4;1;7;7;1;"2";44;"2";"2";"preprint_noinfo";3,4
"377";7;6;6;6;6;5;6;1;"2";47;"1";"1";"preprint_info";6,2
"378";6;6;7;6;6;7;6;1;"1";39;"2";"2";"preprint_noinfo";6,2
"381";5;4;2;3;2;2;3;1;"2";53;"2";"2";"peer-review";3,2
"382";7;6;3;5;6;4;6;1;"1";32;"1";"1";"preprint_info";5,4
"383";6;4;1;6;2;4;6;1;"1";29;"2";"2";"peer-review";3,8
"384";5;7;2;7;6;6;5;1;"1";22;"2";"2";"peer-review";5,4
"385";7;7;5;5;6;6;7;1;"1";31;"1";"1";"preprint_info";6
"386";6;5;4;5;4;4;4;1;"1";21;"1";"1";"peer-review";4,8
"387";4;5;4;4;5;5;4;1;"1";52;"2";"1";"preprint_info";4,4
"388";5;2;2;4;2;4;3;1;"2";56;"2";"2";"peer-review";3
"389";4;5;5;6;6;4;5;1;"2";25;"2";"2";"preprint_info";5,2
"390";5;3;3;4;4;4;4;1;"2";32;"2";"2";"peer-review";3,8
"392";5;4;6;3;5;4;5;1;"1";39;"2";"2";"preprint_noinfo";4,6
"393";3;4;2;5;2;3;3;1;"1";28;"1";"1";"preprint_info";3,2
"394";6;6;2;1;4;5;4;1;"2";49;"2";"2";"preprint_noinfo";3,8
"395";4;6;2;5;6;5;6;1;"2";40;"2";"2";"preprint_info";4,6
"396";5;3;6;6;3;5;4;1;"1";28;"1";"2";"preprint_info";4,6
"397";6;5;5;6;1;5;5;1;"2";34;"2";"2";"preprint_info";4,6
"398";6;6;3;7;4;2;5;1;"2";55;"1";"1";"preprint_noinfo";5,2
"400";6;4;2;4;1;3;3;1;"1";31;"1";"2";"peer-review";3,4
"401";5;5;4;4;3;4;4;1;"1";43;"1";"2";"peer-review";4,2
"402";4;6;4;3;2;4;4;1;"2";34;"2";"2";"preprint_noinfo";3,8
"403";6;5;5;6;5;5;5;1;"2";59;"1";"2";"peer-review";5,4
"404";2;4;4;3;3;3;4;1;"2";39;"1";"1";"peer-review";3,2
"405";6;4;5;5;6;5;4;1;"2";38;"1";"1";"preprint_noinfo";5,2
"406";5;3;1;5;1;4;3;1;"1";27;"1";"2";"preprint_noinfo";3
"407";4;5;4;5;6;6;3;1;"1";35;"2";"2";"preprint_info";4,8
"408";6;7;5;7;7;5;7;1;"1";41;"1";"2";"preprint_noinfo";6,4
"409";7;3;5;3;6;6;6;1;"3";30;"1";"2";"peer-review";4,8
"410";4;5;4;4;5;4;5;1;"2";62;"2";"2";"preprint_noinfo";4,4
"411";7;7;1;7;1;4;7;1;"2";54;"2";"2";"peer-review";4,6
"412";5;5;5;6;5;5;6;1;"1";33;"1";"1";"preprint_info";5,2
"413";6;5;2;6;7;5;5;1;"1";46;"2";"2";"preprint_info";5,2
"414";5;5;4;5;5;4;4;1;"2";35;"1";"2";"peer-review";4,8
"415";6;6;7;6;6;5;6;1;"2";47;"1";"1";"peer-review";6,2
"416";7;2;5;6;3;6;2;1;"1";52;"1";"2";"preprint_info";4,6
"417";4;4;4;3;3;3;3;1;"2";40;"1";"2";"peer-review";3,6
"418";5;5;3;6;5;3;5;1;"1";50;"1";"2";"preprint_info";4,8
"419";4;6;2;2;3;3;5;1;"2";35;"2";"2";"preprint_info";3,4
"420";3;6;5;5;5;4;5;1;"2";36;"2";"2";"preprint_info";4,8
"421";1;2;1;3;1;2;2;1;"1";48;"2";"2";"preprint_info";1,6
"422";7;6;7;7;7;7;6;1;"1";34;"1";"1";"peer-review";6,8
"423";5;6;7;6;6;7;6;1;"1";44;"2";"2";"preprint_noinfo";6
"424";6;6;3;6;5;3;3;1;"2";64;"1";"2";"preprint_noinfo";5,2
"425";6;3;1;5;1;3;4;1;"2";50;"2";"2";"peer-review";3,2
"426";5;5;6;4;5;5;4;1;"1";39;"2";"2";"peer-review";5
"427";5;3;4;1;2;7;6;1;"2";30;"1";"1";"preprint_noinfo";3
"428";4;5;4;3;4;4;4;1;"1";35;"1";"2";"preprint_info";4
"429";6;6;7;6;6;6;5;1;"1";55;"1";"1";"preprint_noinfo";6,2
"430";7;7;7;7;7;7;7;1;"1";30;"1";"1";"preprint_noinfo";7
"431";5;6;6;6;6;6;5;1;"1";35;"1";"1";"preprint_info";5,8
"432";6;6;2;6;4;6;6;1;"1";39;"1";"2";"preprint_noinfo";4,8
"433";6;6;5;5;6;6;5;1;"1";30;"2";"2";"preprint_info";5,6
"434";6;6;4;6;2;5;5;1;"2";27;"1";"2";"preprint_noinfo";4,8
"435";3;2;3;6;4;3;5;1;"1";62;"1";"1";"peer-review";3,6
"436";7;7;2;7;5;5;6;1;"2";36;"1";"1";"preprint_noinfo";5,6
"437";2;6;5;2;2;5;6;1;"2";64;"2";"2";"peer-review";3,4
"438";7;5;6;6;5;6;5;1;"2";52;"1";"1";"peer-review";5,8
"439";7;6;3;6;6;7;7;1;"1";34;"2";"2";"peer-review";5,6
"440";6;6;6;3;6;5;6;1;"1";35;"1";"1";"preprint_info";5,4
"441";3;4;1;6;5;6;5;1;"1";46;"1";"2";"peer-review";3,8
"442";5;5;2;6;2;3;2;1;"1";34;"1";"2";"peer-review";4
"443";5;5;5;4;6;6;5;1;"1";32;"1";"1";"preprint_noinfo";5
"444";3;6;4;4;5;4;4;1;"1";30;"1";"2";"peer-review";4,4
"445";6;4;3;7;6;5;5;1;"1";24;"1";"2";"preprint_noinfo";5,2
"446";6;6;6;2;6;5;6;1;"1";35;"2";"2";"preprint_noinfo";5,2
"447";7;6;4;5;6;5;6;1;"2";58;"2";"2";"preprint_noinfo";5,6
"448";5;2;2;6;4;5;5;1;"1";34;"1";"2";"preprint_info";3,8
"449";6;6;3;5;2;6;4;1;"2";32;"2";"2";"peer-review";4,4
"450";3;5;2;3;4;3;4;1;"1";37;"1";"2";"preprint_noinfo";3,4
"451";1;7;1;1;7;4;4;1;"2";53;"2";"2";"peer-review";3,4
"452";3;2;2;6;6;2;5;1;"1";33;"2";"2";"peer-review";3,8
"453";7;7;1;7;1;7;6;1;"1";36;"1";"1";"preprint_info";4,6
"454";5;4;4;6;3;4;3;1;"1";23;"1";"2";"preprint_info";4,4
"455";6;7;6;7;7;7;6;1;"2";40;"1";"1";"peer-review";6,6
"456";5;3;2;6;6;3;2;1;"2";44;"1";"1";"preprint_noinfo";4,4
"457";3;7;3;5;3;3;3;1;"2";62;"2";"2";"preprint_noinfo";4,2
"458";6;5;6;3;5;5;5;1;"2";35;"1";"2";"peer-review";5
"459";3;3;4;4;4;3;3;1;"2";36;"2";"2";"preprint_noinfo";3,6
"460";4;5;5;5;5;4;NA;1;"1";30;"1";"1";"preprint_info";4,8
"461";6;5;6;5;5;4;5;1;"1";33;"2";"2";"peer-review";5,4
"462";2;3;7;7;6;6;5;1;"1";31;"1";"1";"peer-review";5
"463";7;7;6;6;7;6;6;1;"1";28;"1";"1";"preprint_noinfo";6,6
"464";5;5;6;6;5;5;6;1;"1";30;"2";"2";"peer-review";5,4
"465";6;6;6;6;6;6;6;1;"1";47;"1";"1";"preprint_info";6
"466";6;5;6;5;4;7;7;1;"1";58;"2";"2";"preprint_info";5,2
"467";4;4;4;4;4;4;4;1;"1";24;"1";"2";"preprint_info";4
"468";5;5;3;7;2;4;5;1;"2";52;"1";"2";"peer-review";4,4
"469";5;3;3;6;6;5;4;1;"2";54;"2";"2";"preprint_info";4,6
"470";4;5;3;5;4;3;5;1;"2";44;"1";"2";"preprint_info";4,2
"471";5;2;2;6;2;2;2;1;"1";64;"1";"2";"preprint_noinfo";3,4
"472";5;3;5;5;5;5;5;1;"2";42;"2";"2";"peer-review";4,6
"474";6;5;1;5;6;5;5;1;"2";65;"2";"2";"preprint_info";4,6
"476";6;5;5;6;5;5;5;1;"2";38;"1";"2";"preprint_noinfo";5,4
"477";2;2;1;2;2;2;2;1;"2";44;"1";"2";"preprint_info";1,8
"478";5;5;4;6;2;5;4;1;"1";26;"1";"2";"preprint_info";4,4
"480";5;6;3;6;2;4;4;1;"2";31;"1";"2";"preprint_info";4,4
"481";6;6;6;6;6;7;6;1;"2";51;"1";"1";"preprint_noinfo";6
"482";4;7;5;5;5;5;7;1;"1";28;"2";"2";"preprint_noinfo";5,2
"483";5;7;5;6;3;5;6;1;"1";47;"2";"2";"preprint_info";5,2
"484";5;5;4;5;6;3;4;1;"2";37;"2";"2";"preprint_info";5
"485";5;5;5;4;5;4;6;1;"1";28;"2";"2";"preprint_noinfo";4,8
"486";6;6;6;6;6;6;5;1;"2";42;"2";"1";"preprint_info";6
"487";5;7;4;7;5;4;4;1;"2";38;"1";"2";"peer-review";5,6
"488";7;7;4;6;4;2;3;1;"1";32;"1";"1";"peer-review";5,6
"489";6;6;2;4;4;4;5;1;"2";63;"1";"1";"peer-review";4,4
"490";7;5;4;7;6;6;6;1;"2";46;"1";"2";"preprint_noinfo";5,8
"491";5;5;4;4;5;5;5;1;"1";34;"2";"2";"peer-review";4,6
"492";2;1;3;7;2;5;5;1;"1";51;"1";"2";"peer-review";3
"493";7;4;5;2;6;5;7;1;"2";36;"2";"2";"preprint_info";4,8
"494";6;6;2;6;7;2;2;1;"1";66;"2";"2";"preprint_noinfo";5,4
"495";7;6;4;4;5;6;5;1;"1";32;"2";"2";"peer-review";5,2
"496";3;3;1;6;2;4;4;1;"1";59;"1";"1";"preprint_info";3
"497";5;6;6;6;6;6;5;1;"2";40;"1";"1";"preprint_noinfo";5,8
"499";2;4;1;1;2;2;2;1;"1";46;"1";"1";"peer-review";2
"500";6;6;3;2;6;3;3;1;"1";32;"1";"2";"peer-review";4,6
"501";6;5;5;7;6;6;5;1;"1";20;"1";"2";"preprint_info";5,8
"502";5;4;2;3;2;3;3;1;"2";37;"1";"2";"preprint_noinfo";3,2
"503";4;5;6;4;6;5;6;1;"1";29;"2";"2";"peer-review";5
"504";7;6;6;6;7;6;7;1;"1";30;"1";"1";"preprint_info";6,4
"505";5;6;2;4;3;3;4;1;"1";45;"2";"2";"peer-review";4
"506";5;5;5;6;5;6;5;1;"2";25;"2";"2";"preprint_noinfo";5,2
"507";5;5;5;5;5;5;5;1;"1";27;"2";"2";"peer-review";5
"508";6;6;6;6;6;6;6;1;"1";28;"1";"1";"preprint_noinfo";6
"509";5;7;5;7;3;5;7;1;"1";35;"2";"2";"peer-review";5,4
"510";2;2;2;2;2;1;1;1;"1";38;"1";"2";"preprint_info";2
"512";3;4;4;2;5;3;4;1;"1";24;"2";"2";"peer-review";3,6
"513";6;3;5;6;6;5;6;1;"1";32;"1";"1";"preprint_noinfo";5,2
"514";2;2;2;2;5;4;2;1;"2";68;"2";"2";"preprint_info";2,6
"516";5;5;4;5;5;6;5;1;"1";30;"1";"1";"preprint_noinfo";4,8
"518";5;5;5;6;5;6;5;1;"1";47;"2";"2";"preprint_noinfo";5,2
"519";4;5;6;2;4;6;5;1;"1";50;"2";"2";"preprint_noinfo";4,2
"520";7;6;6;6;6;6;7;1;"1";38;"1";"1";"preprint_noinfo";6,2
"521";4;4;4;7;4;5;5;1;"2";33;"1";"2";"preprint_info";4,6
"522";5;5;4;6;2;4;5;1;"1";35;"1";"2";"peer-review";4,4
"523";4;6;1;2;5;3;3;1;"2";47;"1";"2";"preprint_info";3,6
"524";4;5;4;3;4;4;4;1;"2";49;"2";"2";"peer-review";4
"525";5;6;2;6;7;1;1;1;"2";30;"1";"2";"preprint_info";5,2
"526";6;6;2;6;4;6;6;1;"1";39;"1";"2";"peer-review";4,8
"527";5;5;2;6;2;2;3;1;"2";63;"2";"2";"preprint_noinfo";4
"528";3;6;4;5;6;5;2;1;"1";27;"1";"2";"preprint_noinfo";4,8
"529";5;3;4;3;5;4;5;1;"2";27;"2";"2";"peer-review";4
"530";4;5;3;3;5;4;5;1;"2";37;"1";"2";"peer-review";4
"531";4;4;4;4;4;5;4;1;"1";45;"2";"2";"peer-review";4
"532";7;5;4;5;3;4;5;1;"1";33;"1";"2";"peer-review";4,8
"533";2;3;2;4;2;2;2;1;"2";54;"1";"2";"preprint_noinfo";2,6
"534";6;5;2;5;6;3;5;1;"2";28;"1";"2";"preprint_noinfo";4,8
"535";5;5;3;6;3;1;2;1;"2";39;"2";"2";"preprint_info";4,4
"536";5;3;2;5;3;4;5;1;"1";27;"1";"2";"peer-review";3,6
"537";5;4;2;6;3;5;4;1;"1";31;"2";"2";"preprint_noinfo";4
"538";7;6;1;7;5;4;4;1;"1";58;"1";"2";"preprint_noinfo";5,2
"539";1;6;1;4;7;7;7;1;"1";68;"1";"2";"peer-review";3,8
"540";6;6;2;5;4;4;3;1;"1";55;"1";"2";"preprint_noinfo";4,6
"541";2;2;2;2;1;3;2;1;"2";25;"1";"1";"preprint_noinfo";1,8
"542";4;4;4;4;4;4;4;1;"1";49;"1";"1";"preprint_info";4
"543";7;7;7;7;7;7;7;1;"2";35;"1";"1";"peer-review";7
"544";5;4;1;7;4;5;5;1;"2";37;"2";"2";"peer-review";4,2
"545";6;2;2;3;2;2;2;1;"1";55;"1";"2";"preprint_noinfo";3
"546";4;2;1;4;2;4;5;1;"2";37;"2";"2";"peer-review";2,6
"547";5;6;5;4;5;6;6;1;"1";38;"2";"2";"preprint_noinfo";5
"548";3;3;6;7;5;2;4;1;"1";36;"2";"2";"preprint_noinfo";4,8
"549";3;3;1;2;1;3;4;1;"2";36;"1";"2";"preprint_info";2
"550";6;4;1;7;2;6;5;1;"2";58;"1";"2";"peer-review";4
"551";6;6;7;6;5;6;3;1;"2";47;"1";"1";"peer-review";6
"552";4;4;2;6;2;3;1;1;"2";41;"2";"2";"preprint_info";3,6
"553";6;5;1;3;5;5;5;1;"1";39;"1";"2";"peer-review";4
"554";5;5;5;4;4;4;5;1;"2";23;"2";"2";"preprint_info";4,6
"555";2;3;1;7;5;1;2;1;"1";40;"1";"2";"preprint_info";3,6
"556";7;7;2;5;2;4;6;1;"1";30;"1";"1";"peer-review";4,6
"557";2;5;3;7;2;2;4;1;"2";21;"2";"2";"preprint_info";3,8
"558";5;5;7;6;6;5;7;1;"2";39;"1";"1";"peer-review";5,8
"559";6;5;5;6;5;5;6;1;"1";45;"2";"2";"peer-review";5,4
"560";5;4;3;5;6;3;5;1;"2";35;"1";"2";"peer-review";4,6
"561";5;3;3;4;3;4;4;1;"1";30;"2";"2";"preprint_noinfo";3,6
"562";2;3;1;1;1;1;3;1;"1";39;"1";"2";"preprint_noinfo";1,6
"563";2;2;5;6;5;3;4;1;"1";42;"2";"2";"preprint_info";4
"564";5;4;5;5;4;5;6;1;"2";32;"2";"2";"peer-review";4,6
"565";7;6;7;6;6;6;6;1;"2";29;"2";"2";"preprint_info";6,4
"566";7;7;6;7;6;7;6;1;"1";30;"2";"2";"preprint_noinfo";6,6
"567";5;6;6;6;6;6;6;1;"1";37;"1";"1";"preprint_info";5,8
"568";6;6;2;3;3;5;5;1;"1";31;"2";"2";"preprint_noinfo";4
"569";4;6;3;5;2;4;4;1;"2";42;"1";"1";"peer-review";4
"570";4;3;2;3;2;2;1;1;"1";44;"1";"2";"peer-review";2,8
"571";6;6;6;7;4;5;6;1;"2";47;"2";"2";"peer-review";5,8
"572";6;6;7;6;7;7;6;1;"1";32;"2";"2";"preprint_noinfo";6,4
"573";5;4;6;5;3;4;6;1;"1";27;"2";"2";"preprint_noinfo";4,6
"574";5;5;2;2;3;4;4;1;"1";49;"1";"2";"peer-review";3,4
"575";4;4;4;4;4;4;4;1;"2";29;"1";"1";"peer-review";4
"576";4;5;4;4;4;7;7;1;"2";41;"2";"2";"preprint_info";4,2
"577";7;7;6;6;6;6;7;1;"1";35;"1";"1";"preprint_info";6,4
"578";7;4;1;7;1;4;4;1;"1";26;"1";"2";"preprint_info";4
"579";6;7;6;6;5;7;6;1;"1";25;"2";"2";"peer-review";6
"580";5;5;1;7;5;5;5;1;"1";35;"1";"2";"preprint_info";4,6
"581";5;4;5;6;5;6;6;1;"2";30;"2";"2";"preprint_noinfo";5
"582";6;6;6;6;6;6;5;1;"1";30;"1";"1";"preprint_info";6
"583";4;7;2;5;6;4;4;1;"2";26;"2";"2";"preprint_noinfo";4,8
"584";5;6;6;6;6;5;5;1;"1";46;"1";"1";"preprint_noinfo";5,8
"585";6;6;5;6;5;6;6;1;"1";66;"2";"2";"preprint_info";5,6
"586";6;7;5;6;7;6;5;1;"1";40;"2";"2";"preprint_noinfo";6,2
"587";6;5;4;6;4;4;5;1;"1";28;"2";"2";"preprint_noinfo";5
"588";6;3;4;6;5;5;4;1;"1";33;"1";"2";"preprint_noinfo";4,8
"589";6;5;2;5;4;2;1;1;"2";52;"1";"1";"preprint_info";4,4
"590";5;5;5;5;5;5;4;1;"1";28;"1";"1";"preprint_info";5
"591";4;4;3;6;5;4;3;1;"2";53;"1";"2";"preprint_noinfo";4,4
"592";5;3;3;5;5;4;4;1;"2";43;"2";"2";"preprint_noinfo";4,2
"593";7;7;6;6;7;5;6;1;"1";48;"1";"1";"preprint_info";6,6
"594";6;5;6;6;7;6;7;1;"1";29;"1";"1";"preprint_noinfo";6
"595";4;5;2;6;6;4;5;1;"2";52;"1";"2";"preprint_info";4,6
"596";5;4;5;5;5;4;5;1;"2";33;"2";"2";"peer-review";4,8
"597";6;6;2;3;4;4;5;1;"1";38;"1";"2";"peer-review";4,2
"598";5;4;1;6;3;6;6;1;"1";64;"2";"2";"peer-review";3,8
"599";5;7;3;7;5;4;7;1;"1";50;"2";"2";"peer-review";5,4
"600";5;4;6;4;5;4;5;1;"1";28;"2";"2";"peer-review";4,8
"601";2;6;3;7;6;3;3;1;"1";26;"1";"2";"preprint_info";4,8
"602";5;6;1;6;5;3;4;1;"2";28;"1";"2";"peer-review";4,6
"603";6;6;7;6;5;7;6;1;"1";35;"2";"2";"peer-review";6
"604";6;6;6;6;6;6;6;1;"2";46;"1";"1";"preprint_info";6
"605";5;4;5;6;3;4;4;1;"2";33;"1";"2";"preprint_noinfo";4,6
"606";6;6;4;7;5;4;6;1;"2";36;"1";"2";"preprint_info";5,6
"607";5;5;3;2;4;2;3;1;"2";34;"1";"2";"peer-review";3,8
"608";5;6;5;4;5;6;5;1;"1";23;"1";"1";"peer-review";5
"609";6;6;3;7;5;1;1;1;"2";29;"1";"2";"preprint_info";5,4
"610";5;5;6;5;4;5;3;1;"1";27;"1";"2";"preprint_info";5
"612";6;6;4;6;5;6;5;1;"1";34;"1";"1";"preprint_info";5,4
"613";1;1;1;1;1;1;1;1;"1";35;"1";"2";"preprint_info";1
"615";6;5;2;7;3;3;4;1;"1";36;"1";"2";"preprint_info";4,6
"616";4;6;2;6;2;3;4;1;"1";32;"1";"2";"peer-review";4
"617";7;6;1;7;1;7;7;1;"1";28;"2";"2";"preprint_noinfo";4,4
"618";7;6;7;7;6;7;6;1;"1";60;"1";"1";"peer-review";6,6
"619";4;5;3;5;3;4;4;1;"1";35;"1";"2";"preprint_info";4
"620";5;5;4;5;5;3;5;1;"1";31;"2";"2";"preprint_info";4,8
"621";3;5;4;6;3;5;5;1;"1";28;"2";"2";"preprint_noinfo";4,2
"622";6;6;6;3;5;5;5;1;"1";40;"2";"2";"preprint_noinfo";5,2
"623";5;6;6;5;5;6;5;1;"2";62;"1";"1";"peer-review";5,4
"624";7;6;3;7;6;6;4;1;"1";32;"2";"2";"preprint_noinfo";5,8
"625";7;5;5;7;6;6;5;1;"2";37;"2";"2";"preprint_info";6
"626";7;6;6;7;7;7;6;1;"1";30;"1";"2";"preprint_noinfo";6,6
"627";5;4;5;6;6;6;5;1;"1";32;"1";"1";"peer-review";5,2
"628";4;4;4;5;5;4;4;1;"1";38;"1";"2";"preprint_noinfo";4,4
"629";7;6;5;6;5;6;5;1;"1";33;"2";"2";"preprint_noinfo";5,8
"630";3;6;2;5;2;6;5;1;"2";53;"2";"2";"preprint_noinfo";3,6
"631";4;6;2;4;6;5;5;1;"1";34;"2";"2";"preprint_info";4,4
"632";7;7;6;7;7;7;7;1;"1";25;"1";"1";"peer-review";6,8
"633";5;5;5;5;6;5;6;1;"2";39;"2";"2";"peer-review";5,2
"634";4;6;4;5;5;4;5;1;"1";28;"2";"2";"preprint_noinfo";4,8
"635";6;6;5;6;7;6;7;1;"1";30;"2";"2";"preprint_noinfo";6
"636";5;6;6;3;3;5;5;1;"2";27;"2";"2";"preprint_noinfo";4,6
"637";5;6;3;4;7;6;6;1;"2";27;"1";"2";"preprint_noinfo";5
"639";5;4;2;3;4;5;4;1;"2";24;"2";"2";"preprint_info";3,6
"640";2;2;2;6;1;6;5;1;"1";61;"2";"2";"preprint_noinfo";2,6
"641";4;5;4;5;5;5;4;1;"1";30;"2";"2";"preprint_info";4,6
"642";3;5;4;2;5;3;4;1;"2";32;"2";"2";"peer-review";3,8
"643";7;7;1;4;7;5;2;1;"2";32;"1";"2";"preprint_info";5,2
"644";5;5;3;4;3;5;5;1;"1";41;"1";"2";"peer-review";4
"645";5;6;5;4;3;3;3;1;"1";20;"1";"2";"peer-review";4,6
"646";7;5;5;6;6;7;6;1;"2";32;"1";"1";"preprint_info";5,8
"647";5;6;5;7;2;6;5;1;"2";29;"1";"1";"peer-review";5
"648";6;7;7;7;5;4;3;1;"2";50;"1";"1";"peer-review";6,4
"649";4;5;1;7;1;5;4;1;"2";66;"2";"2";"preprint_noinfo";3,6
"650";5;6;4;4;6;4;5;1;"1";26;"2";"2";"preprint_noinfo";5
"651";6;7;5;6;6;5;6;1;"2";37;"1";"1";"preprint_info";6
"652";6;6;7;7;7;6;7;1;"2";38;"1";"1";"preprint_info";6,6
"653";5;5;2;7;4;6;5;1;"2";34;"2";"2";"preprint_info";4,6
"654";4;7;6;5;4;5;6;1;"2";47;"2";"2";"preprint_noinfo";5,2
"655";6;5;4;7;7;1;1;1;"1";25;"2";"2";"preprint_info";5,8
"656";7;7;7;6;6;6;6;1;"1";30;"2";"2";"preprint_noinfo";6,6
"657";4;6;5;3;5;5;6;1;"1";31;"1";"2";"preprint_info";4,6
"658";6;6;3;2;5;4;5;1;"1";35;"2";"2";"preprint_noinfo";4,4
"659";7;5;6;7;6;5;4;1;"1";27;"2";"2";"peer-review";6,2
"660";6;5;5;7;6;5;6;1;"2";27;"2";"2";"peer-review";5,8
"661";5;5;6;6;6;5;6;1;"2";48;"2";"2";"preprint_info";5,6
"662";5;5;3;4;3;3;4;1;"1";32;"2";"2";"preprint_noinfo";4
"663";5;5;3;2;6;4;4;1;"1";42;"2";"2";"preprint_noinfo";4,2
"664";5;5;5;5;5;4;5;1;"1";46;"1";"1";"preprint_info";5
"665";6;5;4;6;5;5;5;1;"2";70;"1";"2";"peer-review";5,2
"666";3;5;5;7;3;6;6;1;"2";66;"2";"2";"preprint_noinfo";4,6
"667";5;5;5;5;6;5;5;1;"1";40;"2";"2";"preprint_noinfo";5,2
"669";5;5;2;3;7;5;5;1;"1";35;"1";"2";"peer-review";4,4
"670";6;3;1;4;1;4;5;1;"1";44;"1";"2";"peer-review";3
"671";5;5;3;6;1;4;5;1;"1";33;"2";"2";"preprint_noinfo";4
"672";4;4;3;4;4;4;4;1;"1";26;"1";"2";"peer-review";3,8
"673";5;4;3;5;7;6;6;1;"2";40;"1";"2";"preprint_info";4,8
"674";5;4;7;5;6;6;5;1;"1";41;"2";"2";"preprint_noinfo";5,4
"675";6;6;1;6;1;3;3;1;"1";43;"2";"2";"preprint_noinfo";4
"676";4;6;2;6;3;6;5;1;"2";48;"1";"2";"peer-review";4,2
"677";5;7;5;7;7;6;6;1;"2";30;"2";"2";"preprint_noinfo";6,2
"678";4;6;5;6;3;6;6;1;"1";55;"2";"1";"preprint_info";4,8
"679";5;6;4;6;6;6;7;1;"1";29;"2";"2";"preprint_info";5,4
"680";6;3;1;7;2;1;1;1;"2";35;"2";"2";"preprint_info";3,8
"681";7;1;1;5;5;5;5;1;"1";27;"1";"2";"peer-review";3,8
"682";6;7;4;4;7;5;6;1;"1";32;"1";"1";"preprint_info";5,6
"683";5;6;4;7;6;5;5;1;"1";35;"1";"2";"peer-review";5,6
"684";5;6;2;6;4;4;4;1;"1";36;"1";"2";"peer-review";4,6
"685";5;3;5;5;4;5;4;1;"1";31;"2";"2";"preprint_noinfo";4,4
"686";4;6;3;4;5;4;5;1;"1";46;"1";"2";"preprint_info";4,4
"687";4;6;6;3;4;5;4;1;"2";32;"2";"2";"peer-review";4,6
"688";5;5;3;3;5;3;2;1;"1";52;"1";"2";"preprint_noinfo";4,2
"689";4;4;4;3;4;3;4;1;"2";40;"2";"2";"preprint_info";3,8
"690";5;3;3;3;5;6;6;1;"1";24;"2";"2";"peer-review";3,8
"692";6;6;7;7;2;6;7;1;"1";40;"2";"2";"preprint_noinfo";5,6
"693";5;5;2;5;4;5;5;1;"1";32;"2";"2";"preprint_info";4,2
"694";5;6;6;6;6;5;6;1;"1";35;"1";"1";"peer-review";5,8
"695";5;5;1;1;3;4;4;1;"1";40;"2";"2";"preprint_info";3
"696";4;3;6;4;5;4;5;1;"2";47;"2";"2";"preprint_info";4,4
"697";2;5;5;7;1;6;5;1;"2";55;"2";"2";"preprint_info";4
"698";6;6;7;6;7;6;7;1;"1";44;"1";"1";"peer-review";6,4
"700";4;5;5;6;3;2;5;1;"1";33;"2";"2";"peer-review";4,6
"701";6;4;5;7;6;5;5;1;"1";26;"2";"2";"preprint_noinfo";5,6
"702";6;6;5;5;5;4;5;1;"2";30;"2";"2";"preprint_noinfo";5,4
"703";4;4;4;4;4;4;4;1;"1";25;"2";"2";"peer-review";4
"704";5;6;3;6;4;3;5;1;"2";31;"1";"1";"preprint_info";4,8
"705";7;5;6;5;6;6;5;1;"1";40;"2";"2";"preprint_info";5,8
"706";6;6;5;6;2;6;5;1;"1";35;"1";"1";"preprint_noinfo";5
"707";5;6;6;6;6;6;5;1;"2";47;"2";"2";"peer-review";5,8
"708";6;5;6;5;6;5;6;1;"1";48;"1";"1";"preprint_info";5,6
"709";4;3;3;5;2;4;4;1;"2";42;"1";"2";"peer-review";3,4
"710";3;5;3;4;6;2;5;1;"1";33;"1";"2";"peer-review";4,2
"711";6;6;7;6;6;7;6;1;"2";43;"1";"1";"peer-review";6,2
"712";6;5;2;7;4;3;4;1;"1";26;"1";"2";"peer-review";4,8
"713";7;5;6;6;2;6;5;1;"1";26;"2";"2";"peer-review";5,2
"714";4;7;6;1;7;5;6;1;"1";36;"1";"1";"peer-review";5
"715";4;5;6;6;5;5;5;1;"1";21;"1";"2";"preprint_info";5,2
"716";1;1;4;7;5;4;4;1;"2";49;"1";"2";"preprint_noinfo";3,6
"717";5;4;3;3;4;3;4;1;"1";39;"1";"2";"preprint_noinfo";3,8
"718";6;2;4;2;1;2;4;1;"1";38;"1";"2";"peer-review";3
"719";7;4;5;5;1;5;5;1;"1";29;"2";"2";"peer-review";4,4
"720";6;5;5;5;5;6;5;1;"1";39;"2";"2";"preprint_noinfo";5,2
"721";5;5;5;5;6;5;4;1;"1";46;"2";"1";"preprint_info";5,2
"722";6;2;4;7;1;5;4;1;"1";34;"1";"2";"preprint_info";4
"723";6;6;6;5;5;5;6;1;"1";40;"1";"1";"preprint_noinfo";5,6
"724";4;5;5;5;5;5;4;1;"2";32;"2";"2";"preprint_noinfo";4,8
"725";5;5;2;2;3;4;2;1;"1";36;"1";"2";"preprint_info";3,4
"726";5;3;1;4;5;3;5;1;"1";42;"1";"2";"preprint_noinfo";3,6
"727";7;6;6;7;6;6;5;1;"2";45;"1";"1";"preprint_info";6,4
"728";7;1;1;7;3;5;6;1;"1";33;"1";"2";"preprint_noinfo";3,8
"729";7;5;7;7;6;7;7;1;"1";29;"1";"2";"preprint_noinfo";6,4
"730";6;6;6;4;4;6;5;1;"2";35;"1";"2";"preprint_noinfo";5,2
"731";7;6;6;6;7;7;6;1;"1";30;"2";"2";"preprint_info";6,4
"732";5;2;3;6;4;5;5;1;"2";58;"2";"2";"peer-review";4
"733";3;3;3;3;3;3;3;1;"1";36;"1";"2";"preprint_info";3
"734";4;5;4;5;3;4;4;1;"2";47;"1";"2";"preprint_noinfo";4,2
"735";4;6;1;6;5;3;5;1;"1";40;"1";"2";"preprint_noinfo";4,4
"736";5;5;6;7;5;6;4;1;"1";23;"1";"1";"preprint_noinfo";5,6
"737";5;2;1;5;2;4;5;1;"1";36;"2";"2";"peer-review";3
"738";2;3;3;6;4;3;3;1;"1";33;"2";"2";"preprint_noinfo";3,6
"739";4;5;3;4;5;5;5;1;"1";37;"1";"2";"peer-review";4,2
"740";3;3;2;2;1;1;2;1;"1";50;"1";"2";"preprint_noinfo";2,2
"741";4;5;2;1;3;4;4;1;"1";22;"1";"2";"preprint_noinfo";3
"742";5;5;2;3;4;4;4;1;"2";32;"1";"2";"preprint_noinfo";3,8
"743";3;3;5;6;5;4;5;1;"2";34;"1";"2";"peer-review";4,4
"744";4;7;6;6;7;6;6;1;"1";40;"1";"1";"peer-review";6
"745";5;5;6;6;5;7;6;1;"2";26;"2";"2";"preprint_noinfo";5,4
"746";4;6;4;5;4;6;4;1;"1";31;"1";"2";"peer-review";4,6
"747";6;6;6;6;7;7;5;1;"2";29;"2";"2";"preprint_noinfo";6,2
"748";6;6;6;6;6;6;6;1;"1";57;"1";"1";"preprint_info";6
"749";6;6;5;6;5;6;4;1;"2";47;"1";"1";"preprint_info";5,6
"750";6;4;5;5;3;4;5;1;"1";37;"1";"2";"preprint_info";4,6
"751";6;6;7;6;7;5;6;1;"1";58;"2";"2";"preprint_noinfo";6,4
"752";6;7;6;6;6;6;7;1;"1";40;"1";"1";"peer-review";6,2
"753";7;5;6;6;6;5;6;1;"1";30;"1";"1";"preprint_info";6
"754";6;5;5;3;5;5;4;1;"1";64;"2";"2";"preprint_noinfo";4,8
"755";4;4;3;3;4;4;4;1;"1";32;"1";"2";"peer-review";3,6
"756";7;7;1;7;3;6;5;1;"1";44;"1";"2";"preprint_info";5
"757";6;2;1;7;1;2;2;1;"1";31;"1";"2";"preprint_noinfo";3,4
"758";5;4;4;5;5;1;2;1;"1";38;"1";"2";"preprint_info";4,6
"759";6;6;6;6;5;5;6;1;"2";34;"2";"2";"preprint_info";5,8
"760";6;5;1;6;3;3;3;1;"2";36;"1";"2";"peer-review";4,2
"761";4;5;5;4;2;4;4;1;"2";36;"1";"2";"peer-review";4
"762";5;2;3;3;2;3;5;1;"1";31;"2";"2";"peer-review";3
"763";5;5;5;5;4;6;5;1;"1";28;"2";"2";"preprint_noinfo";4,8
"764";5;2;2;5;4;3;3;1;"1";38;"1";"2";"preprint_noinfo";3,6
"766";3;5;5;5;3;5;5;1;"1";28;"2";"2";"peer-review";4,2
"767";5;5;5;4;4;4;4;1;"1";32;"1";"1";"preprint_info";4,6
"768";5;5;3;4;3;3;3;1;"2";38;"2";"2";"preprint_info";4
"769";6;5;4;4;5;4;4;1;"1";26;"1";"2";"preprint_noinfo";4,8
"770";4;5;5;5;5;5;6;1;"2";30;"2";"2";"peer-review";4,8
"771";6;6;5;6;2;4;5;1;"1";33;"1";"1";"preprint_info";5
"772";5;4;5;3;6;6;5;1;"2";31;"2";"2";"preprint_noinfo";4,6
"773";5;7;6;6;7;4;5;1;"1";35;"1";"1";"peer-review";6,2
"776";5;6;2;3;3;4;4;1;"2";27;"1";"2";"peer-review";3,8
"777";7;4;3;5;6;5;6;1;"1";33;"1";"1";"preprint_info";5
"778";6;7;6;7;5;6;4;1;"1";36;"1";"1";"preprint_noinfo";6,2
"779";5;5;5;5;5;6;6;1;"1";46;"2";"2";"preprint_info";5
"780";6;6;6;5;6;6;7;1;"1";32;"1";"1";"peer-review";5,8
"781";7;6;7;7;6;4;6;1;"2";47;"2";"2";"preprint_noinfo";6,6
"782";5;5;6;1;5;4;2;1;"1";48;"1";"2";"preprint_info";4,4
"784";4;5;3;5;5;3;4;1;"2";32;"1";"2";"peer-review";4,4
"785";4;5;4;3;4;4;4;1;"1";43;"2";"2";"preprint_info";4
"786";2;6;5;4;5;6;5;1;"1";27;"2";"2";"preprint_info";4,4
"787";7;4;1;7;4;1;4;1;"1";70;"2";"2";"peer-review";4,6
"788";6;5;5;7;7;7;7;1;"1";59;"1";"1";"preprint_info";6
"789";4;7;7;6;6;6;7;1;"1";22;"2";"2";"preprint_noinfo";6
"790";3;5;2;4;4;3;3;1;"2";33;"1";"2";"preprint_info";3,6
"791";4;6;1;4;1;5;5;1;"2";27;"2";"2";"peer-review";3,2
"792";4;5;1;5;1;1;3;1;"1";30;"1";"2";"preprint_info";3,2
"793";4;4;4;4;5;4;5;1;"1";36;"2";"2";"peer-review";4,2
"794";5;4;1;3;3;1;1;1;"2";25;"1";"1";"preprint_info";3,2
"795";5;7;6;2;5;3;5;1;"1";29;"1";"2";"preprint_noinfo";5
"796";3;7;6;6;5;6;6;1;"2";27;"1";"1";"preprint_noinfo";5,4
"797";3;2;1;1;2;2;5;1;"1";35;"1";"2";"peer-review";1,8
"798";6;5;6;5;6;5;6;1;"1";52;"2";"2";"preprint_noinfo";5,6
"799";3;6;3;5;6;6;6;1;"2";54;"2";"2";"peer-review";4,6
"801";5;6;6;4;7;4;6;1;"1";28;"1";"1";"peer-review";5,6
"802";6;6;7;6;7;7;6;1;"1";32;"1";"1";"peer-review";6,4
"803";4;4;4;4;4;4;5;1;"1";36;"1";"2";"preprint_info";4
"804";4;4;4;4;4;4;4;1;"2";25;"2";"2";"peer-review";4
"805";6;6;5;6;6;5;7;1;"1";32;"2";"2";"preprint_noinfo";5,8
"806";5;6;5;5;5;4;5;1;"2";38;"1";"1";"preprint_noinfo";5,2
"807";7;6;7;7;7;6;7;1;"2";31;"1";"1";"preprint_info";6,8
"809";2;5;6;3;2;3;3;1;"2";71;"2";"2";"peer-review";3,6
"810";5;5;6;5;6;6;5;1;"1";42;"2";"2";"preprint_noinfo";5,4
"812";6;5;5;5;5;6;5;1;"1";33;"2";"2";"preprint_info";5,2
"813";6;6;6;5;6;5;4;1;"2";32;"1";"1";"preprint_info";5,8
"814";5;6;6;4;6;5;6;1;"1";33;"2";"2";"peer-review";5,4
"815";7;6;6;7;6;6;7;1;"1";28;"1";"1";"peer-review";6,4
"816";7;6;7;6;6;7;6;1;"1";33;"2";"2";"preprint_info";6,4
"817";5;4;4;6;5;6;4;1;"1";28;"2";"2";"preprint_info";4,8
"818";6;6;6;6;6;6;5;1;"1";29;"1";"1";"peer-review";6
"819";4;5;5;4;4;4;5;1;"1";29;"2";"2";"preprint_noinfo";4,4
"820";4;4;5;5;5;5;3;1;"1";37;"1";"2";"peer-review";4,6
"821";5;6;4;4;7;7;7;1;"1";34;"1";"2";"peer-review";5,2
"822";5;4;4;5;6;4;4;1;"1";28;"1";"2";"peer-review";4,8
"824";6;6;2;2;4;3;5;1;"1";41;"1";"2";"peer-review";4
"825";5;7;7;4;6;6;7;1;"1";35;"1";"1";"preprint_noinfo";5,8
"826";6;5;4;5;6;5;6;1;"1";36;"2";"2";"preprint_info";5,2
"827";5;5;5;6;4;6;5;1;"1";27;"2";"2";"preprint_noinfo";5
"828";6;6;7;6;6;6;5;1;"2";30;"2";"2";"peer-review";6,2
"829";6;5;5;6;6;6;5;1;"1";38;"1";"1";"preprint_info";5,6
"830";3;2;3;5;5;3;3;1;"2";29;"2";"2";"preprint_info";3,6
"831";6;7;2;6;6;1;7;1;"2";40;"2";"2";"preprint_noinfo";5,4
"832";5;5;6;6;5;6;6;1;"2";65;"1";"1";"peer-review";5,4
"833";6;7;5;7;6;7;5;1;"2";42;"1";"1";"preprint_info";6,2
"835";6;6;7;7;7;7;6;1;"1";45;"1";"1";"peer-review";6,6
"836";6;6;6;6;7;7;6;1;"1";28;"1";"1";"preprint_info";6,2
"837";5;5;5;5;6;4;4;1;"1";25;"1";"2";"preprint_info";5,2
"838";6;5;4;5;7;4;5;1;"2";42;"2";"2";"preprint_info";5,4
"839";6;1;1;6;3;6;5;1;"2";41;"2";"2";"preprint_info";3,4
"841";1;1;1;1;1;1;1;1;"1";26;"2";"2";"preprint_noinfo";1
"842";5;5;5;5;3;5;4;1;"1";42;"2";"2";"preprint_noinfo";4,6
"843";6;5;4;6;3;5;6;1;"1";30;"1";"2";"peer-review";4,8
"844";6;7;7;6;5;7;6;1;"1";35;"2";"2";"preprint_noinfo";6,2
"845";5;5;4;6;5;4;5;1;"2";38;"2";"2";"preprint_info";5
"846";4;6;5;3;6;5;6;1;"1";45;"1";"1";"preprint_info";4,8
"847";7;6;5;6;4;6;6;1;"2";30;"1";"1";"preprint_noinfo";5,6
"848";6;6;6;5;6;6;6;1;"1";58;"1";"1";"preprint_info";5,8
"849";4;5;5;4;5;5;4;1;"1";31;"1";"1";"peer-review";4,6
"850";7;7;6;6;7;6;7;1;"2";36;"2";"2";"peer-review";6,6
"851";6;4;5;4;5;6;4;1;"1";35;"2";"2";"peer-review";4,8
"852";6;6;6;6;6;7;6;1;"2";30;"2";"2";"preprint_noinfo";6
"853";5;6;7;6;6;5;6;1;"1";36;"2";"2";"preprint_info";6
"854";6;4;2;7;4;4;4;1;"1";56;"2";"2";"preprint_noinfo";4,6
"855";5;4;1;4;2;3;4;1;"1";57;"1";"2";"preprint_noinfo";3,2
"856";6;5;5;6;6;5;6;1;"1";48;"2";"2";"preprint_noinfo";5,6
"857";6;5;4;7;7;4;6;1;"1";52;"2";"2";"preprint_info";5,8
"859";3;5;3;7;5;3;4;1;"2";39;"2";"2";"peer-review";4,6
"860";6;3;5;3;5;6;2;1;"2";45;"2";"2";"peer-review";4,4
"862";6;6;5;5;6;7;6;1;"1";32;"1";"1";"preprint_noinfo";5,6
"863";4;4;4;4;4;4;4;1;"2";29;"1";"1";"preprint_noinfo";4
"865";3;4;5;4;4;4;4;1;"1";25;"2";"2";"preprint_info";4
"867";5;5;5;2;5;7;6;1;"2";30;"1";"1";"preprint_info";4,4
"870";4;6;5;5;6;4;5;1;"1";32;"1";"1";"preprint_noinfo";5,2
"873";5;5;5;6;6;3;6;1;"1";52;"1";"1";"preprint_info";5,4
"875";5;6;6;6;5;6;5;1;"2";47;"1";"1";"peer-review";5,6
"877";3;3;5;6;7;7;6;1;"1";21;"2";"2";"preprint_info";4,8
"878";4;5;4;7;5;3;4;1;"2";35;"2";"2";"peer-review";5
"879";5;6;5;3;4;4;5;1;"1";34;"2";"2";"peer-review";4,6
"880";4;5;2;3;5;3;5;1;"1";31;"1";"2";"preprint_info";3,8
"882";6;6;6;6;6;6;6;1;"1";30;"1";"1";"preprint_info";6
"885";3;3;2;4;3;4;2;1;"1";65;"1";"2";"preprint_info";3
"886";6;6;1;1;1;2;2;1;"1";43;"1";"2";"preprint_noinfo";3
"889";3;2;1;7;7;5;6;1;"1";42;"2";"2";"preprint_info";4
"890";6;5;5;4;3;6;6;1;"2";28;"2";"2";"preprint_info";4,6
"892";6;6;7;6;7;5;5;1;"2";25;"1";"1";"preprint_info";6,4
"895";4;5;3;3;3;4;4;1;"2";33;"1";"2";"peer-review";3,6
"896";7;6;4;7;2;4;5;1;"1";25;"2";"2";"peer-review";5,2
"897";6;6;3;4;2;2;3;1;"1";20;"1";"2";"peer-review";4,2
"898";2;5;1;4;1;5;3;1;"1";21;"1";"2";"preprint_noinfo";2,6
"900";5;5;2;6;4;4;5;1;"1";33;"1";"2";"preprint_info";4,4
"901";5;4;6;6;5;5;4;1;"2";33;"1";"1";"preprint_info";5,2
"903";3;5;4;2;3;5;6;1;"2";25;"1";"1";"peer-review";3,4
"904";5;5;6;4;5;6;5;1;"1";41;"2";"2";"preprint_noinfo";5
"906";5;4;4;5;5;3;4;1;"1";42;"1";"1";"peer-review";4,6
"908";4;3;2;4;3;3;4;1;"2";33;"2";"1";"preprint_noinfo";3,2
"910";6;5;6;6;5;5;5;1;"2";32;"1";"1";"preprint_info";5,6
"911";5;6;5;7;6;5;7;1;"1";41;"1";"1";"preprint_info";5,8
"912";4;4;2;2;5;3;3;1;"1";36;"1";"2";"peer-review";3,4
"915";5;4;4;3;3;4;5;1;"2";25;"2";"2";"peer-review";3,8
"916";6;3;5;7;3;4;3;1;"1";29;"2";"2";"preprint_info";4,8
"917";7;7;7;6;6;7;6;1;"2";29;"1";"1";"preprint_noinfo";6,6
"919";4;3;6;4;1;4;5;1;"1";39;"2";"2";"preprint_noinfo";3,6
"920";5;6;5;4;6;6;6;1;"1";41;"1";"1";"preprint_info";5,2
"921";5;5;2;4;2;2;4;1;"1";32;"1";"2";"peer-review";3,6
"924";6;6;6;6;6;6;5;1;"2";47;"1";"1";"peer-review";6
"925";4;6;3;5;5;4;3;1;"1";44;"1";"2";"preprint_info";4,6
"927";5;6;6;4;4;5;2;1;"2";37;"1";"2";"preprint_info";5
"928";6;6;6;5;7;5;5;1;"1";35;"1";"1";"preprint_noinfo";6
"929";3;5;2;6;5;5;5;1;"1";50;"2";"2";"preprint_noinfo";4,2
